Cruise_Name,Station,TimePeriod,Latitude,Longitude,Ich_Haul_Fctr,Cruise_Name,Station,100000000,121050300,121050304,121060000,121060101,121060103,143130803,143150501,148010105,148010106,148010107,148010201,148010301,148010401,148010501,148010701,148041401,148041403,170024806,170025015,170070201,170070202,170080101,170200907,170201801,170201902,170203701,170280101,170282601,170340102,170400203,170440100,170440604,170460402,170511100,170570503,170570505,183010301,183010605,183012301,183012403,183020201,183020301,183021301,183030101,183050711,183050712
AL0111,24,nov,38.75,-74.4867,1.8,AL0111,24,,,,,,,,,,,,,,,,,,,,,,,,,,,,,,,,,,,,,,,,,,,,,,,
AL0306,8,nov,39.58,-72.3083,2.5,AL0306,8,,,,,,,,,2,,,,,,,,,,,,,,,,,,,,,,,,,,,,,,,,,,,,,1,
AL0306,9,nov,39.3533,-72.3283,4,AL0306,9,,,,,,,,,,,,,,,,,2,,,1,,,,,,,,,,,,,,,,,,,,,,,,,,2,
AL0306,20,nov,40.6317,-71.4167,3.3,AL0306,20,,,,,,,,,,,,,,,,,,,,,,,,,,,,,,,,,,,,,,,,,,,,,,,
AL0306,21,nov,40.7417,-71.1133,3,AL0306,21,,,,,,,,,,,,,,,,,,1,,,,,,,,,,,,,,,,,,,,,,,,,,,,,
AL0306,24,nov,41.08,-69.6133,1.4,AL0306,24,,,,,,,,,,,,,,,,,,,,,,,,,,,,,,,,,,,,,,,,,,,,,,,
AL0306,31,nov,40.5033,-68.7583,6,AL0306,31,,,,,,,,,,,,,,,,,,,,,,,,,,,,,,,,,,,,,,,,,,,,,,,
AL0306,35,nov,40.6983,-67.505,4.3,AL0306,35,,,,,,,,,,,,,,,,,,,,,,,,,,,,,,,,,,,,,,,,,,,,,,,
AL0306,45,nov,41.4367,-67.2083,2.2,AL0306,45,,,,,,,,,,,,,,,,,,,,,,,,,,,,,,,,,,,,,,,,,,,,,,,
AL0306,53,nov,41.9367,-66.2533,4.72,AL0306,53,,,,,,,,,,,,,,,,,,,,,,,,,,,,,,,,,,,,,,,,,,,,,,,
AL0306,58,nov,42.1617,-66.6233,6.08,AL0306,58,,,,,,,,,,,,,,,,,,,,,,,,,,,,,,,,,,,,,,,,,,,,,,,
AL0306,59,nov,42.4067,-66.9933,5,AL0306,59,,,,,,,,,,,,,,,,,,,,,,,,,,,,,,,,,,,,,,,,,,,,,,,
AL0306,65,nov,42.18,-67.895,3.1,AL0306,65,,,,,,,,,,,,,,,,,,,,,,,,,,,,,,,,,,,,,,,,,,,,,,,
AL0306,67,nov,42.5,-69.425,3.46,AL0306,67,,,,,,,,,,,,,,,,,,,,,,,,,,,,,,,,,,,,,,,,,,,,,,,
AL0306,68,nov,42.505,-69.6483,3.8,AL0306,68,,,,,,,,,,,,,,,,,,,,,,,,,,,,,,,,,,,,,,,,,,,,,,,
AL0306,69,nov,42.385,-70.3633,2,AL0306,69,,,,,,,,,,,,,15,,6,,,,,,,,,,,,,,,,,,,,,,,,,,,,,,,,
AL0401,5,jan,42.4933,-68.5917,5.19,AL0401,5,,,,,,,,,,,,,,,,,,,,,,,,,,,,,,,,,,,,,,,,,,,,,,,
AL0405,9,may,38.7267,-73.8733,4.3,AL0405,9,,,,,,,,,,,,,,,,,,,,,,,,,,,,,,,,,,,,,,,,,,,,,,,
AL0405,10,may,38.4833,-74.1367,4.3,AL0405,10,1,,,,,,,,,,,,,,,,,,,,,,,,,,,,,,,,,,,,,,,1,,,,,,,
AL0405,14,may,36.9867,-75.1067,2,AL0405,14,,,,,,,,,,,,,,,,,,,,,,,,,,,,,,,,,,,,,,,,1,,,,,,,
AL0405,26,may,37.8083,-75.2817,0.8,AL0405,26,,,,,,82,,,,,,,,,,,,,,,,,,,,,,,,,,,,,6,,,,,,,,,,4,,
AL0405,27,may,38.0633,-74.69,1.5,AL0405,27,,,,,,,,,,,,,,,,,,,,,,,,,,,,,,,,,,,,,,,,1,,,,,,,
AL0405,37,may,40.185,-73.1767,2.4,AL0405,37,,,,,,,,,,,,,,,,,,,,,,,,,,,,,,,,,,,,,,,,,,,,,,,
AL0405,41,may,40.0983,-71.3783,3.9,AL0405,41,,,,,,,,,,,,,,,,,,6.5,,,,,,,,,,,,,,,1,,3,,,,,1.5,,,,,,,
AL0405,47,may,40.6033,-69.84,4.3,AL0405,47,,,,,,,,,,,,,,,,,,,,,,,,,,,,,,,,,,,,,,,,,,,2,3,,,
AL0405,53,may,40.6817,-67.6117,3.8,AL0405,53,,,,,,,,,,,,,,,,,,1,,,,,,,,,,,,,,,,,,,,,,,,,,,,,
AL0405,59,may,40.685,-68.575,2.8,AL0405,59,,,,,,,,,,,,,,1,,,,,,,,,,,,,,,,,,,1,,,,,,,,,,1,3,,,
AL0405,66,may,41.215,-70.1,0.5,AL0405,66,,,,,,,,,,,,,,,,,,,,,,,,,,,,,,,,,26,,,,,,,,,,,,84,,
AL0405,68,may,40.9383,-71.18,4.4,AL0405,68,,,,,,,,,,,,,,,,,,4,,,,,,,,,,,,,,,12,,,,,,,,,,,,,,
AL0405,73,may,41.6017,-68.8083,5.72,AL0405,73,,,,,,,,,,,,,,,,,,,,,,,,,,,,,,,,,1,,,,,,,,,,,,,,
AL0405,77,may,41.28,-66.9467,5.4,AL0405,77,,,,,,,,,,,,,,,,,,,,,,,,,,,,,,,,,,,,,,,,,,,,,,,
AL0405,81,may,41.3117,-66.215,2.3,AL0405,81,1,,,,,,,,,,,,,,,2,,,,,,,,,,,,1,,,,,,,,,,,,2,,,,,,,
AL0405,84,may,41.845,-66.02,6.11,AL0405,84,,,,,,,,,,,,,,,,,,,,,,,,,,,,,,,,,,,,,,,,,,,,,,,
AL0405,93,may,42.645,-68.3133,4,AL0405,93,,,,,,,,,,,,,,,,,,,,,,,,,,,,,,,,,,,,,,,,,,,,,,,
AL0405,102,may,43.1017,-66.48,3.3,AL0405,102,,,,,,,,,,,,,,4,,1,,,,,,,,,,,,,,,,,,,,,,,,,,1,7,,,,
AL0405,111,may,43.7583,-67.7267,8.87,AL0405,111,,,,,,,,,,,,1,,,,,,,,,,,,,,,,,,,,,,,,,,,,,,,1,,,,
AL0405,117,may,43.0667,-70.11,4.4,AL0405,117,,,,,,,,,,,,,,,,,,,,,,,,,,,,,,,,,,,,,,,,,,,,,,,
AL0408,4,aug,39.5983,-72.8433,4,AL0408,4,,,,,,,,,,,,,,,,,,,,,,,,,,,,,,,,,,,,,,,,1,,,,,,,
AL0408,9,aug,38.4017,-73.4483,6.5,AL0408,9,,,,,,,,,,,,,,,,,,,,,,,,,,,,,,,,,,,,,,2,,,,,,,,,
AL0408,11,aug,37.815,-74.705,2.1,AL0408,11,,,,,,,,,,,2,,,,,,,,,,,,,,,,,,,,,,,,,,,3,,,,,,,,,
AL0408,13,aug,37.0633,-74.5833,4.8,AL0408,13,,,,,,,,,,,,,,,,,,,,,,,,,,,,,,,,,,,,,,,,,,,,,,,
AL0408,24,aug,37.3967,-75.4717,1.4,AL0408,24,2,,,2,,,,,,,,,,,,,,,,,,,,,1,,,,,,,,,,,11,,,5,,,,,,,,
AL0408,37,aug,39.9367,-72.78,2.9,AL0408,37,,,,,,,,,,,,,,,,,,,,,,,,,,,,,,,,,,,,,,,,1,,,,,,,
AL0408,41,aug,40.5617,-72.9783,1.6,AL0408,41,,,,,,,,,,,,,,,,,,,1,,,,,,,,,,,1,,,,,,3,,1,,,,,,,,,
AL0408,45,aug,40.8933,-70.88,2.1,AL0408,45,2,,,,,,,,,,7,,,,,,,,,,,,,,,,,,,,,,,,,,,3,,2,,,,,,,
AL0408,49,aug,40.4417,-71.2467,3.49,AL0408,49,,,,,,,,,,,1,,,,,,,,,,,,,,,,,,,,,,,,,,,,,,,,,,,,
AL0408,74,aug,42.025,-67.9867,6.2,AL0408,74,,,,,,,,,,,3,1,,,,,,2,,,,,,,,,,,,,,,,,,,,,,,,,,,,,
AL0408,78,aug,40.7717,-68.0483,5.6,AL0408,78,,,,,,,,,,,,,,,,,,,,,,,,,,,,,,,,,,,,,,,,,,,,,,,
AL0408,84,aug,40.9317,-66.8517,4.6,AL0408,84,2,,,,,,,,,,20.16,,,,,,,5.83,,,,,,,,,,,,,,,,,,,,,,,,,,,,,
AL0408,89,aug,41.645,-66.5133,5.3,AL0408,89,3.5,,,,,,,,,,4.16,,,,,,,28,,,,,,,,,,,,,,,,,9.33,,,,,,,,,1,,,
AL0408,101,aug,42.4817,-66.8467,9.06,AL0408,101,,,,,,,,,,,,,,,,,,,,,,,,,,,,,,,,,,,,,,,,,,,,,,,
AL0408,105,aug,43.8067,-67.0117,5.9,AL0408,105,,,,,,,,,,,,,,,,,,,,,,,,,,,,,,,,,,,,,,,,,,,,,,,
AL0408,108,aug,44.3117,-67.7067,5.58,AL0408,108,,,,,,,,,,,1,1,,,,,,,,,,,,,,,,,,,,,,,,,,,,,,,,,,,
AL0408,114,aug,43.3133,-68.1167,3.8,AL0408,114,,,,,,,,,,,1,,,,,,,,,,,,,,,,,,,,,,,,,,,,,,,,,,,,
AL0408,121,aug,43.2633,-69.9783,5.3,AL0408,121,,,,,,,,,,,,,,,,,,1,,,,,,,,,,,,,,,,,,,,,,,,,,,,,
AL0410,6,nov,39.23,-73.5083,3.83,AL0410,6,,,,,,,,,,,,,,,,,,,,,,,,,,,,,,,,,,,,,,,,,,,,,,,
AL0410,16,nov,37.5167,-75.04,2.3,AL0410,16,,,,,,,,,,,,,,,,,,,,,,,,,,,,,,,,,,,,,,,,,,,,,,,
AL0410,24,nov,36.1433,-75.6383,2.1,AL0410,24,2,,,,,,,,,,,,,,,,,,,,,,,,,,,,,,,,,,,,,,,,,,,,,,
AL0410,28,nov,37.31,-75.4867,1.7,AL0410,28,4,,,,,,,,2,,,,,,,,,,,,,,,,,,,,,,,,,,,,,,,,15,,,,,,
AL0410,41,nov,40.5167,-71.345,3.7,AL0410,41,,,,,,,,,,,,,,,,,,,,,,,,,,,,,,,,,,,,,,,,,,,,,,,
AL0410,44,nov,39.94,-69.9733,3.3,AL0410,44,,,,,,,,,,,,,,,,,,,,,,,,,,,,,,,,,,,,,,,,,,,,,,,
AL0410,50,nov,40.935,-69.65,1.9,AL0410,50,,,,,,,,,,,,,,,,,,,,,,,,,,,,,,,,,,,,,,,,,,,,,,,
AL0410,53,nov,40.815,-71.875,1.8,AL0410,53,,,,,,,,,,,,,,,,,,,,,,,,,,,,,,,,,,,,,,,,,1,,,,,,
AL0410,57,nov,40.6883,-72.8783,0.8,AL0410,57,3,,,,,,,,,,,,,,,,,,,,,,,,,,,,,,,,,,,,,,,,,,,,1,,
AL0410,64,nov,41.3167,-68.74,4,AL0410,64,,,,,,,,,,,,,,,,,,,,,,,,,,,,,,,,,,,,,,,,,,,,,,,
AL0410,68,nov,40.395,-68.3517,4.3,AL0410,68,,,,,,,,,,,,,,,,,,,,,,,,,,,,,,,,,,,,,,,,,,,,,,,
AL0410,77,nov,41.9733,-68.085,4.32,AL0410,77,,,,,,,,,,,,,,,,,,,,,,,,,,,,,,,,,,,,,,,,,,,,,,,
AL0410,82,nov,40.7733,-67.125,5.1,AL0410,82,,,,,,,,,,,,,,,,,,,,,,,,,,,,,,,,,,,,,,,,,,,,,,,
AL0410,87,nov,42.1433,-67.2033,4.57,AL0410,87,2,,,,,,,,,,,,,,3,,,,,,,,,,,,,,,,,,,,,,,,,,,,,,,,
AL0410,91,nov,42.5067,-69.8167,4.11,AL0410,91,,,,,,,,,,,,,,,,,,,,,,,,,,,,,,,,,,,,,,,,,,,,,,,
AL0410,108,nov,43.2767,-68.2717,5.67,AL0410,108,,,,,,,,,,,,,,,,,,,,,,,,,,,,,,,,,,,,,,,,,,,,,,,
AL0410,111,nov,42.8917,-67.89,3.42,AL0410,111,,,,,,,,,,,,,,,,,,,,,,,,,,,,,,,,,,,,,,,,,,,,,,,
AL0410,114,nov,42.59,-66.9217,6.5,AL0410,114,,,,,,,,,,,,,,,,,,,,,,,,,,,,,,,,,,,,,,,,,,,,,,,
AL0410,115,nov,42.7317,-66.42,3.4,AL0410,115,2,,,,,,,,,,,,,,,,,,,,,,,,,,,,,,,,,,,,,,,,,,,,,,
AL0505,1,may,39.645,-73.3767,2.49,AL0505,1,,,,,,,,,,,,1,,,,,,,,,,,,,,,,,,,,,,,,,,,,,,,,,,,
AL0505,16,may,36.1867,-75.4767,1.23,AL0505,16,,,,,,1,,,,,,,,,,,,,,,,,,,,,,,,,,,,,,,2,,,,,,,,,,
AL0505,19,may,36.645,-75.2467,1.44,AL0505,19,,,,,,,,,,,,,,,,,,,,,,,,,,,,,,,,,,,,,,,,4,,,,,,,
AL0505,24,may,37.8567,-74.5817,2.76,AL0505,24,,,,,,,,,,,,,,,,,,,,,,,,,,,,,,,,,,,,,,,,1,,,,1,,,
AL0505,29,may,39.02,-72.8167,6.1,AL0505,29,,,,,,,,,,,,,,,,,,3,,,,,,,,,,,,,,,,,,,,,,,,,,,,,
AL0505,31,may,39.8483,-72.515,3.02,AL0505,31,,,,,,,,,,,,,,,,,,,,,,,,,,,,,,,,,,,,,,,,,,,,,,,
AL0505,34,may,40.185,-73.4183,2.37,AL0505,34,,,,,,,,,,,,,,,,,,,,,,,,,,,,,,,,,,,,,,,,1,,,,,,,
AL0505,39,may,40.5617,-72.1133,2.96,AL0505,39,,,,,,,,,,,,2,,,,,,,,,,,,,,,,,,,,,,,,,,,,1,,,,,,,
AL0505,43,may,40.3483,-71.2817,4.48,AL0505,43,,,,,,,,,,,,1,,,,,,,,,,,,,,,,,,,,,,,,,,2,,,,,,,,,
AL0505,49,may,40.48,-69.6483,3.72,AL0505,49,,,,,,,,,,,,,,,,,,,,,,,,,,,,,,,,,,,,,,,,,,,10,1,,,
AL0505,69,may,40.98,-68.11,3.08,AL0505,69,,,,,,,,,,,,,,,,,,,,,,,,,,,,,,,,,1,,,,,,,,,,1,1,,,
AL0505,70,may,40.9,-67.6467,3.8,AL0505,70,,,,,,,,,,,,,,,,,,,,,,,,,,,,,,,,,,,,,,,,,,,,,,,
AL0505,76,may,42.0617,-67.9517,4.14,AL0505,76,,,,,,,,,,,,,,,,,,,,,,,,,,,,,,,,,,,,,,,,,,,,,,,
AL0505,81,may,42.0633,-67.215,2.95,AL0505,81,,,,,,,,,,,,,,,,,,,,,,,,,,,,,,,,,,,,,,,,,,,36,,1,,
AL0505,87,may,41.15,-67.3483,4.04,AL0505,87,,,,,,,,,,,,,,,,,,,,,,,,,,,,,,,,,1,,,,,,,,,,6,2,,,
AL0505,101,may,42.8117,-66.1467,3,AL0505,101,,,,,,,,,,,,,,,,,,,,,,,,,,,,,,,,,,,,,,,,,,,,,,,
AL0505,106,may,43.2283,-68.0133,5.98,AL0505,106,,,,,,,,,,,,,,,,,,,,,,,,,,,,,,,,,1,,,,,,,,,,,,,,
AL0505,111,may,43.9367,-67.3817,5.34,AL0505,111,,,,,,,,,,,,,,,,,,,,,,,,,,,,,,,,,,,,,,,,,,,,,,,
AL0505,115,may,43.9467,-68.3983,5.26,AL0505,115,,,,,,,,,,,,,,,,,,,,,,,,,,,,,,,,,,,,,,,,,,,,,,,
AL0505,118,may,43.4633,-69.3517,4.4,AL0505,118,,,,,,,,,,,,1,,,,,,,,,,,,,,,,,,,,,,,,,,,,,,,,,,,
AL0507,7,aug,40.105,-72.1433,4.15,AL0507,7,,,,,,,,,,,,,,,,,,,,,,,,,,,,,,,,,,,,,,5,,,,,,,,,
AL0507,9,aug,39.565,-72.635,5.14,AL0507,9,,,,,,,,,,,3,,,,,,,,,,,,,,,,,,,,,2,,,,,,2,,2,,,,,,,
AL0507,14,aug,40.4017,-73.1133,1.33,AL0507,14,1,,,,,,,,,,,,,,,,,,,,,,,,,,,,,,,,,,,,,,,,,,,,,,
AL0507,24,aug,40.48,-70.4067,4.52,AL0507,24,1,,,,,,,,,,4.6,,,,,,,,,,,,,,,,,,,,,,,,,,,19.4,,5,,,,,,,
AL0507,27,aug,39.975,-69.2433,5.97,AL0507,27,,,,,,,,,,,,,,,,,1,,,,,,,,,,,,,,,,,,,,,,,,,,,,,,
AL0507,34,aug,41.1883,-67.6817,1.36,AL0507,34,1,,,,,,,,,,,,,,,,,2,,,,,,,,,,,,,,,,,,,,,,,,,,,,,
AL0507,39,aug,40.5267,-67.4133,3.38,AL0507,39,,,,,,,,,,,,,,,,,,,,,,,,,,,,,,,,,,,,,,4,,,,,,,,,
AL0507,46,aug,41.395,-67.1783,2.32,AL0507,46,4,,,,,,,,,,4,,,,,,,5,,,,,,,,,,,,,,,,,,,,,,2,,,,,,,
AL0507,51,aug,41.9367,-66.4917,3.1,AL0507,51,,,,,,,,,,,,,,,,,,4,,,,,,,,,,,,,,,,,,,,,,,,,1,,,,
AL0507,57,aug,42.1867,-67.3417,8.36,AL0507,57,,,,,,,,,,,,,,,,,,,,,,,,,,,,,,,,,,,,,,,,,,,,,,,
AL0507,66,aug,42.4367,-69.12,3.17,AL0507,66,,,,,,,,,,,,,,,,,,,,,,,,,,,,,,,,,,,,,,,,,,,,,,,
AL0507,70,aug,42.5667,-67.1817,5.95,AL0507,70,,,,,,,,,,,,,,,,,,,,,,,,,,,,,,,,,,,,,,,,,,,,,,,
AL0507,73,aug,42.4383,-65.6783,4.15,AL0507,73,3,,,,,,,,,,26,,,,,,,10.5,,,,,,,,,,,,,,,,,,,,,,1.5,,,,,,,
AL0507,78,aug,42.7733,-68.5283,4.63,AL0507,78,,,,,,,,,,,,,,,,,,,,,,,,,,,,,,,,,,,,,,,,,,,,,,,
AL0507,87,aug,44.3617,-66.6133,4.22,AL0507,87,,,,,,,,,,,,,,,,,,,,,,,,,,,,,,,,,,,,,,,,,,,,,,,
AL0509,4,nov,39.1517,-73.0617,5.34,AL0509,4,,,,,,,,,,,,,,,,,,,,,,,,,,,,,,,,,,,,,,,,,,,,,,,
AL0509,12,nov,36.6967,-75.04,1.37,AL0509,12,,,,,,,,,,,,,,,,,,,,,,,,,,,,,,,,,,,,,,,,,,,,,,,
AL0509,16,nov,35.8383,-75.1833,2.42,AL0509,16,,,,,,,,,,,,,,,,,,,,,,,,,,,,,,,,,,,,,,,,,,,,,,,
AL0509,20,nov,37.44,-75.2883,1.46,AL0509,20,,,,,,,,,,,,,,,,,,,,,,,,,,,,,,,,,,,,,,,,,,,,,,,
AL0509,25,nov,38.7217,-74.315,2.19,AL0509,25,,,,,,,,,,,,,,,,,,,,,,,,,,,,,,,,,,,,,,,,,,,,,,,
AL0509,42,nov,40.1867,-73.5467,4.1,AL0509,42,,,,,,,,,,,,,,,,,,,,,,,,,,,,,,,,,,,,,,,,,,,,,,,
AL0509,48,nov,40.0983,-71.545,4.39,AL0509,48,,,,,,,,,,,,,,,,,,,,,,,,,,,,,,,,,,,,,,,,,,,,,,,
AL0509,53,nov,40.1933,-70.2167,3.14,AL0509,53,,,,,,,,,,,,,,,,,,1,,,,,,,,,,,,,,,,,,,,,,,,,,,,,
AL0509,59,nov,40.645,-69.6217,2.36,AL0509,59,,,,,,,,,,,,,,,,,,,,,,,,,,,,,,,,,,,,,,,,,,,,,,,
AL0509,72,nov,40.6817,-67.7483,4.34,AL0509,72,,,,,,,,,,,,,,,,,,1,,,,,,,,,,,,,,,,,,,,,,,,,,,,,
AL0509,81,nov,41.1383,-67.5367,4.66,AL0509,81,,,,,,,,,,,,,,,,,,,,,,,,,,,,,,,,,,,,,,,,,,,,,,,
AL0509,87,nov,41.86,-66.975,2.82,AL0509,87,,,,,,,,,,,,,,,,,,,,,,,,,,,,,,,,,,,,,,,,,,,,,,,
AL0509,97,nov,42.9333,-66.1817,4.66,AL0509,97,,,,,,,,,,,,,,,,,,,,,,,,,,,,,,,,,,,,,,,,,,,,,,,
AL0509,99,nov,43.315,-67.0767,5.28,AL0509,99,,,,,,,,,,,,,,,,,,,,,,,,,,,,,,,,,,,,,,,,,,,,,,,
AL0509,102,nov,43.0717,-67.8383,4.98,AL0509,102,,,,,,,,,,,,,,,,,,,,,,,,,,,,,,,,,,,,,,,,,,,,,,,
AL0509,108,nov,41.82,-67.8083,2.29,AL0509,108,,,,,,,,,,,,,,,,,,,,,,,,,,,,,,,,,,,,,,,,,,,,,,,
AL0509,115,nov,42.31,-69.8433,5.14,AL0509,115,,,,,,,,,,,,,,,,,,,,,,,,,,,,,,,,,,,,,,,,,,,,,,,
AL0509,119,nov,42.6833,-70.1617,3.49,AL0509,119,6,,,,,,,,,,,,,,58,,,,,,,,,,,,,,,,,,,,,,,,,,,,,,,,
AL0605,14,may,39.0167,-73.5717,2.49,AL0605,14,,,,,,,,,,,,,,,,,,,,,,,,,,,,,,,,,,,,,,,,,,,,,,,
AL0605,20,may,37.7333,-74.3917,3.79,AL0605,20,,,,,,,,,,,,,,,,,,,,,,,,,,,,,,,,,,,,,,,,1,,,,,,,
AL0605,23,may,35.8317,-74.9817,3.6,AL0605,23,,,,,,,,,,,,,,,,,,,1,,,,,,,,,,,,,,,,8,,,6,,1,,,,,,,
AL0605,33,may,37.6883,-74.8167,2.85,AL0605,33,,,,,,,,,,,,,,,,,,,,,,,,,,,,,,,,,,,,,,,,,,,,,,,
AL0605,38,may,39.4833,-73.9517,1.17,AL0605,38,,,,,,,,,,,,,,,,,,,,,,,,,,,,,,,,,,,,,,2,1,3,,,,,,,
AL0605,44,may,40.6517,-72.3567,1.81,AL0605,44,,,,,,,,,,,1.75,,,,,,,3.33,,,,,,,,,,17.33,,,,,,,,,,18.25,,16.33,,,,,,,
AL0605,47,may,40.275,-70.995,4.12,AL0605,47,,,,,,,,,,,,,,,,,,,,,,,,,,,,,,,,,,,,,,,,,,,,,,,
AL0605,48,may,40.6417,-70.7917,2.37,AL0605,48,,,,,,,,,,,,16.8,,,,,,1,,,,,,,,,,,,,,,,,,,,16.2,,3,,,,,,,
AL0605,53,may,40.1,-69.79,2.88,AL0605,53,,,,,,,,,,,1,,,,,,,,,,,,,,,,,,,,,,,,1,,,1,,3,,,,,,,
AL0605,54,may,40.3417,-69.75,2.74,AL0605,54,1,,,,,,,,,,,2,,,,,,1,,,,,,,,,,,,,,,,,,,,2,,,,,,2,,,
AL0605,65,may,41.0217,-68.26,1.78,AL0605,65,,,,,,,,,,,,,,,,,,,,,,,,,,,,,,,,,,,,,,,,,,,,,1,,
AL0605,73,may,40.65,-68.05,3.36,AL0605,73,,,,,,,,,,,,,,,,,,1,,,,,,,,,,,,,,,,,,,,,,,,,,,,,
AL0605,81,may,41.3883,-66.5783,3.9,AL0605,81,,,,,,,,,,,,,,,,,,,,,,,,,,,,,,,,,,,,,,,,,,,,,,,
AL0605,83,may,41.5667,-66.5217,2.73,AL0605,83,,,,,,,,,,,,,,,,,,,,,,,,,,,,,,,,,,,,,,,,,,,,,,,
AL0605,98,may,41.7717,-67.5033,1.81,AL0605,98,,,,,,,,,,,,,,,,,,,,,,,,,,,,,,,,,,,,,,,,2.4,,,1,,21.6,,
AL0605,101,may,42.2633,-68.31,5.72,AL0605,101,,,,,,,,,,,,,,,,,,,,,,,,,,,,,,,,,,,,,,,,,,,,,,,
AL0605,105,may,42.4967,-69.6567,6.57,AL0605,105,,,,,,,,,,,,,,,,,,,,,,,,,,,,,,,,,1,,,,,,,,,,,,,,
AL0605,109,may,42.8967,-68.2233,3.97,AL0605,109,1,,,,,,,,,,,,,,,,,,,,,,,,,,,,,,,,1,,,,,,,,,,,,,,
AL0605,112,may,43.69,-66.955,3.63,AL0605,112,,,,,,,,,,,,1,,,,,,,,,,,,,,,,,,,,,,,,,,,,,,,,,,,
AL0605,118,may,43.5617,-68.235,3.78,AL0605,118,,,,,,,,,,,,,,,,,,,,,,,,,,,,,,,,,1,,,,,,,,,,,,,,
AL0607,9,aug,40.1867,-71.9783,3.45,AL0607,9,,,,,,,,,,,2,,,,,,,,,,,,,,,,,,,,,,,,,,,,,1,,,,,,,
AL0607,14,aug,38.6883,-73.5833,3.29,AL0607,14,,,,,,,,,,,,,,,,,,,,,,,,,,,,,,,,,,,1,,,,,,,,,,,,
AL0607,28,aug,37.645,-74.5483,3.37,AL0607,28,,,,,,,,,,,,,,,,,,,,,,,,,,,,,,,,,,,,,,5,,3,,,,,,,
AL0607,29,aug,37.1867,-74.9367,2.21,AL0607,29,,,,,,,,,,,,,,,,,,,,,,,,,,,,,,,,,,,,,,,,3,,,,,,,
AL0607,36,aug,36.31,-75.58,1.5,AL0607,36,,,,,,,,,,,,,,,,,,,,,,,,,,38.5,,,,2,,,,,,1,,,7.5,,,,,,,,
AL0607,39,aug,37.3133,-75.2433,1.71,AL0607,39,,,,,,,,,,,,,,,,,,,8,,,,,,,,,,3,3,,,,,,51,,4,,,,,,,,,
AL0607,57,aug,40.475,-72.685,2.62,AL0607,57,,,,,,,,,,,,,,,,,,,,,,,,,,,,,,,,,,,2,,,,,2,,,,,,,
AL0607,59,aug,40.2283,-70.9833,5.92,AL0607,59,,,,,,,,,,,,,,,,,,,,,,,,,,,,,,,,,,,,,,,,,,,,,,,
AL0607,64,aug,39.9817,-69.5483,6.18,AL0607,64,,,,,,,,,,,,,,,,,2,,,,,,,,,,,,,,,,,,4,,,1,,,,,,,,,
AL0607,66,aug,40.65,-69.5533,2.91,AL0607,66,,,,,,,,,,,,,,,,,,30,,,,,,,,,,,,,,,,,,,,1,,,,,,,,,
AL0607,72,aug,41.9383,-68.585,6.91,AL0607,72,,,,,,,,,,,,,,,,,,,,,,,,,,,,,,,,,,,,,,,,,,,,,,,
AL0607,86,aug,40.57,-67.075,4.97,AL0607,86,,,,,,,,,,,,,,,,,,,,,,,,,,,,,,,,,,,,,,1,,,,,,,,,
AL0607,89,aug,41.0317,-66.82,4.01,AL0607,89,,,,,,,,,,,3,,,,,,,4,,,,,,,,,,,,,,,,,,,,,,3,,,,,,,
AL0607,91,aug,41.2667,-66.5867,5.43,AL0607,91,1,,,,,,,,,,67,,,,,,,3,,,,,,,,,,,,,,,,,,,,,,3,,,,,,,
AL0607,101,aug,42.4783,-67.9383,6.74,AL0607,101,,,,,,,,,,,1,,,,,,,,,,,,,,,,,,,,,,,,,,,,,,,,,,,,
AL0607,106,aug,42.11,-66.0483,4.88,AL0607,106,,,,,,,,,,,,,,,,,,,,,,,,,,,,,,,,,,,,,,,,,,,,,,,
AL0607,107,aug,41.7367,-66.0133,3.56,AL0607,107,,,,,,,,,,,,,,,,,,,,,,,,,,,,,,,,,,,,,,,,2,,,,,,,
AL0607,111,aug,42.5617,-65.635,3.31,AL0607,111,,,,,,,,,,,2,,,,,,,9,,,,,,,,,,,,,,,,,,,,,,,,,,,,,
AL0607,122,aug,44.2267,-66.9083,3.21,AL0607,122,,,,,,,,,,,,,,,,,,,,,,,,,,,,,,,,,,,,,,,,,,,,,,,
AL0607,127,aug,43.595,-69.01,3.23,AL0607,127,,,,,,,,,,,,,,,,,,,,,,,,,,,,,,,,,,,,,,,,,,,,,,,
AL0607,129,aug,42.9367,-69.5383,5.59,AL0607,129,,,,,,,,,,,,,,,,,,,,,,,,,,,,,,,,,,,,,,,,,,,,,,,
DE0210,2,nov,39.4883,-73.5217,6.5,DE0210,2,1,,,,,,,,,,,,,,,,,,,,,,,,,,,,,,,,,,,,,,,,3,,,,,,
DE0210,8,nov,38.6483,-73.945,5.9,DE0210,8,,,,,,,,,,,,,,,,,,,,,,,,,,,,,,,,,,,,1,,,,,,,,,,,
DE0210,11,nov,37.64,-74.7883,5.1,DE0210,11,,,,,,,,,,,,,,,,,,,,,,,,,,,,,,,,,,,,,,,,,7,,,,,,
DE0501,6,jan,43.0167,-70.285,4.91,DE0501,6,,,,,,,,,,,,,,,,,,,,,,,,,,,,,,,,,,,,,,,,,,,,,,,
DE0501,11,jan,43.0183,-68.6483,8.01,DE0501,11,,,,,,,,,,,,,,,,,,,,,,,,,,,,,,,,,,,,,,,,,,,,,,,
DE0501,17,jan,43.5683,-67.175,5.55,DE0501,17,,,,,,,,,,,,,,,,,,,,,,,,,,,,,,,,,,,,,,,,,,,,,,,
DE0501,22,jan,43.0617,-66.9167,3.63,DE0501,22,,,,,,,,,,,,,,,,,,,,,,,,,,,,,,,,,,,,,,,,,,,,,,,
DE0501,28,jan,42.1033,-65.9483,4.81,DE0501,28,1,,,,,,,,,,,,,,,,,,,,,,,,,,,,,,,,,,,,,,,,,,,,,,
DE0501,39,jan,41.2267,-68.345,2.23,DE0501,39,,,,,,,,,,,,,,,,,,,,,,,,,,,,,,,,,,,,,,,,,,,,,,,
DE0501,47,jan,41.5183,-66.3767,2.36,DE0501,47,3,,,,,,,,,,,,,12,,,,,,,,,,,,,,,,,,,,,,,,,,,,,,,,,
DE0602,6,jan,42.6417,-69.75,5.29,DE0602,6,,,,,,,,,,,,,,,,,,,,,,,,,,,,,,,,,,,,,,,,,,,,,,,
DE0602,15,jan,43.6467,-68,4.42,DE0602,15,,,,,,,,,,,,,,,,,,,,,,,,,,,,,,,,,,,,,,,,,,,,,,,
DE0602,21,jan,43.1517,-67.1733,4.12,DE0602,21,,,,,,,,,,,,,,,,,,,,,,,,,,,,,,,,,,,,,,,,,,,,,,,
DE0602,25,jan,42.4117,-67,5.53,DE0602,25,,,,,,,,,,,,,,,,,,,,,,,,,,,,,,,,,,,,,,,,,,,,,,,
DE0602,30,jan,42.1033,-68.0867,5.16,DE0602,30,,,,,,,,,,,,,,,,,,,,,,,,,,,,,,,,,,,,,,,,,,,,,,,
DE0602,36,jan,40.6433,-68.5783,5.04,DE0602,36,,,,,,,,,,,,,,,,,,,,,,,,,,,,,,,,,,,,,,,,,,,,,,,
DE0602,44,jan,40.6883,-66.85,4.79,DE0602,44,,,,,,,,,,,,,,,,,,,,,,,,,,,,,,,,,,,,,,,,,,,,,,,
DE0602,47,jan,41.6917,-65.78,3.06,DE0602,47,,,,,,,,,,,,,,,,,,,,,,,,,,,,,,,,,,,,,,,,,,,,,,,
DE0602,52,jan,42.0583,-66.1683,5.97,DE0602,52,2,,,,,,,,,,,,,,2,,,,,,,,,,,,,,,,,,,,,,,,,,,,,,,,
DE0602,60,jan,41.1067,-67.5017,5.33,DE0602,60,,,,,,,,,,,,,3,,,,,,,,,,,,,,,,,,,,,,,,,,,,,,,,,,
DE0616,7,nov,40.52,-73.8417,1.45,DE0616,7,,,,,,,,,,,,,,,,,,,,,,,,,,,,,,,,,,,,,,,,,,,,,,,
DE0616,17,nov,39.14,-72.9717,4.94,DE0616,17,2,,,,,,,,2,,,,,,,,,2,,,,,,,,,,,,,,,,,,,,,,,,,,,,,
DE0616,19,nov,39.395,-72.7767,4.76,DE0616,19,,,,,,,,,,,,,,,,,,1,,,,,,,,,,,,,,,,,,,,,,,2,,,,,,
DE0616,28,nov,40.3133,-71.4983,6.66,DE0616,28,,,,,,,,,,,,,,,,,,,,,,,,,,,,,,,,,,,,,,,,,2,,,,,,
DE0616,30,nov,40.1467,-70.1833,5.43,DE0616,30,2,,,,,,,,,,,,,,,,,,,,,,,,,,,,,,,,,,,,,,,,2,,,,,,
DE0616,50,nov,43.73,-68.64,4.29,DE0616,50,,,,,,,,,,,,,,,,,,,,,,,,,,,,,,,,,,,,,,,,,,,,,,,
DE0616,51,nov,43.485,-68.115,4.47,DE0616,51,,,,,,,,,,,,,,,,,,,,,,,,,,,,,,,,,,,,,,,,,,,,,,,
DE0616,58,nov,44.1833,-66.5283,5.2,DE0616,58,,,,,,,,,,,,,,,,,,,,,,,,,,,,,,,,,,,,,,,,,,,,,,,
DE0616,59,nov,43.6083,-67.0767,5.54,DE0616,59,,,,,,,,,,,,,,,,,,,,,,,,,,,,,,,,,,,,,,,,,,,,,,,
DE0616,64,nov,42.1467,-67.645,8.94,DE0616,64,,,,,,,,,,,,,,,,,,,,,,,,,,,,,,,,,,,,,,,,,,,,,,,
DE0616,68,nov,42.4083,-67.01,6.62,DE0616,68,1,,,,,,,,,,,,,,,,,,,,,,,,,,,,,,,,,,,,,,,,,,,,,,
DE0701,9,jan,42.89,-70.13,5.28,DE0701,9,,,,,,,,,,,,,,,,,,,,,,,,,,,,,,,,,,,,,,,,,,,,,,,
DE0701,16,jan,43.2667,-67.2617,3.75,DE0701,16,,,,,,,,,,,,,,,,,,,,,,,,,,,,,,,,,,,,,,,,,,,,,,,
DE0701,17,jan,43.3983,-67.69,5.1,DE0701,17,,,,,,,,,,,,,,,,,,,,,,,,,,,,,,,,,,,,,,,,,,,,,,,
DE0701,23,jan,43.9317,-68.19,4.46,DE0701,23,,,,,,,,,,,,,,,,,,,,,,,,,,,,,,,,,,,,,,,,,,,,,,,
DE0701,35,jan,41.2533,-67.3417,5.02,DE0701,35,1,,,,,,,,,,,,1,,,,,,,,,,,,,,,,,,,,,,,,,,,,,,,,,,
DE0706,7,may,39.8083,-72.205,5.32,DE0706,7,,,,,,,,,,,,,,,,,,,,,,,,,,,,,,,,,,,,,,,,,,,,,,,
DE0706,10,may,38.9383,-72.9167,5.22,DE0706,10,,,,,,,,,,,,,,,,,,,,,,,,,,,,,,,,,,,,,,,,,,,,,,,
DE0706,15,may,37.8567,-74.645,4.07,DE0706,15,,,,,,,,,,,,,,,,,,,,,,,,,,,,,,,,,,,,,,,,1,,,,,,,
DE0706,18,may,36.2317,-74.81,5.84,DE0706,18,,,,,,,,,,,,,,,,,,,,,,,,,,,,,,,,,,,,,,,,1,,,,,,,
DE0706,22,may,36.27,-75.15,4.46,DE0706,22,,,,,,,,,,,,,,,,,,,,,,,,,,,,,,,,,,,,,,,,,,,,,,,
DE0706,33,may,38.815,-74.5133,2.93,DE0706,33,,1,,,,14,,,,,,,,,,,,,,,,,,,,,,,11,,,,,,,,,,,2,,,,1,,,
DE0706,46,may,40.38,-73.6267,1.94,DE0706,46,,,4,,,,,,,,,,,,,,,,,,,,,,,,,14.5,7,,,,,,12.5,,15,,,5.5,,,,,5.5,,
DE0706,47,may,40.605,-72.985,1.95,DE0706,47,,,,,,,,,,,,,,,,,,,,,,,,,,,,4,,,,,,,,,,,,5,,,,,8,,
DE0706,54,may,40.065,-70.045,5.11,DE0706,54,,,,,,,,,,,,,,,,,1,,,,,,,,,,,,,,,,,,1,,,,,1,2,,,,3,,
DE0706,55,may,40.065,-69.585,6.04,DE0706,55,,,,,,,,,,,,,,,,,,,,,,,,,,,,,,,,,,,,,,,,,,,,,,,
DE0706,70,may,40.27,-68.35,5.04,DE0706,70,,,,,,,,,,,,,,,,,,,,,,,,,,,,,,,,,,,,,,,,,,,,,,,
DE0706,72,may,40.6483,-67.5817,4.37,DE0706,72,,,,,,,,,,,,,,,,,,,,,,,,,,,,,,,,,,,,,,,,,,,,,,,
DE0706,76,may,41.1933,-67.575,2.17,DE0706,76,,,,,,,,,,,,,,,,,,,,,,,,,,,,,,,,,,,,,,,,,,,1,,1,,
DE0706,82,may,41.5583,-67.18,7.61,DE0706,82,1,,,,,,,,,,,,,,,,,,,,,,,,,,,,,,,,,,,,,,,,,,,,1,,
DE0706,85,may,41.7717,-66.38,6.53,DE0706,85,,,,,,,,,,,,,,1,,,,,,,,,,,,,,,,,,,,,,,,,,,,,41,,,,
DE0706,93,may,42.065,-66.5167,7.2,DE0706,93,1,,,,,,,,,,,,,,,,,,,,,,,,,,,,,,,,,,,,,,,,,,26,,,,
DE0706,96,may,42.1883,-67.32,8.26,DE0706,96,,,,,,,,,,,,,,,,,,,,,,,,,,,,,,,,,,,,,,,,,,,,,,,
DE0706,102,may,42.3567,-68.8467,6.16,DE0706,102,,,,,,,,,,,,,,,,,,,,,,,,,,,,,,,,,,,,,,,,,,,,,,,
DE0706,105,may,42.7283,-67.2783,7.97,DE0706,105,,,,,,,,,,,,,,,,,,,,,,,,,,,,,,,,,,,,,,,,,,,,,,,
DE0706,109,may,44.1883,-66.9817,5.41,DE0706,109,,,,,,,,,,,,2,,,,,,,,,,,,,,,,,,,,,1,,,,,,,,,,,,,,
DE0706,112,may,43.65,-67.6833,7.92,DE0706,112,,,,,,,,,,,,1,,,,,,,,,,,,,,,,,,,,,,,,,,,,,,,,,,,
DE0706,115,may,43.2717,-67.9867,8.74,DE0706,115,,,,,,,,,,,,,,,,,,,,,,,,,,,,,,,,,,,,,,,,,,,,,,,
DE0709,5,aug,40.6083,-69.8467,4.54,DE0709,5,1,,,,,,,,,,54.4166,,,,,,,1,,,,,,,,,,,,,,,,,,,,17.5833,,4,,,,,,,
DE0709,13,aug,39.4117,-72.2317,4.38,DE0709,13,,,,,,,,,,,,,,,,,4,,,,1,1,,,,,,,,,,,,,,,,,,,,,,,,,
DE0709,17,aug,39.435,-73.4033,2.57,DE0709,17,,,,,,,,,,,,,,,,,,,,,,,,,,,,,,,,,,,8,,,5,,3,,,,,,,
DE0709,20,aug,38.8533,-72.9483,5.3,DE0709,20,,,,,,,,,,,2,,,,,,,,,,,,,,,,,,,,,,,,,,,6,,1,,,,,,,
DE0709,25,aug,37.5617,-74.675,4.9,DE0709,25,,,,,,,,,,,,,,,,,,,,,,,,,,,,,,,,,,,,,,,,,,,,,,,
DE0709,33,aug,37.6867,-74.9117,1.99,DE0709,33,,,,,,,,,,,,,,,,,,,,,,,,,,,,,,2,,2,,,,1,,1,,,,,,,,,
DE0709,35,aug,38.395,-74.5083,2.5,DE0709,35,,,,,,,,,,,,,,,,,,,,,,,,,,,,,,1,,,,,,3,,2,,,,,,,,,
DE0709,52,aug,40.6833,-71.8167,3.59,DE0709,52,,,,,,,,,,,,,,,,,,,,,,,,,,,,,,,,,,,,,,,,,,,,,,,
DE0709,53,aug,40.8533,-71.55,5.62,DE0709,53,,,,,,,,,,,19.6,,,,,,,,,,,,,,,,,,,,,,,,,,,34.4,,2,,,,,,,
DE0709,59,aug,40.8567,-69.22,3.81,DE0709,59,,,,,,,,,,,,,,,,,,,,,,,,,,,,,,,,,,,,,,,,,,,,,,,
DE0709,65,aug,40.6867,-67.6117,6.57,DE0709,65,1,,,,,,,,,,1,,,,,,,,,,,,,,,,,,,,,,,,,,,,,1,,,,,,,
DE0709,69,aug,40.9667,-66.8333,3.58,DE0709,69,,,,,,,,,,,6,,,,,,,1,,,,,,,,,,,,,,,,,,,,,,3,,,,,,,
DE0709,72,aug,41.2267,-67.6133,3.31,DE0709,72,,,,,,,,,,,14.5,,,,,,,,,,,,,,,,,1,,,,,,,,,,30.5,,2,,,,,1,,
DE0709,76,aug,41.9783,-68.3083,5.43,DE0709,76,,,,,,,,,,,,,,,,,,,,,,,,,,,,,,,,,,,,,,,,,,,,,,,
DE0709,81,aug,41.685,-67.2183,4.49,DE0709,81,,,,,,,,,,,2,,,,,,,10,,,,,,,,,,,,,,,,,,,,,,,,,,,9,,
DE0709,89,aug,42.0067,-67.1367,4.31,DE0709,89,,,,,,,,,,,,,,,,,,16.333,,,,,,,,,,,,,,,,,1,,,,,,,,1.666,,1,,
DE0709,91,aug,42.4333,-67.075,6.27,DE0709,91,,,,,,,,,,,,,,,,,,,,,,,,,,,,,,,,,,,,,,,,,,,,,,,
DE0709,97,aug,42.85,-65.9167,5.77,DE0709,97,,,,,,,,,,,1,,,,,1,,,,,,,,,,,,,,,,,,,,,,,,,,,,,,,
DE0709,99,aug,43.06,-67.1117,3.62,DE0709,99,,,,,,,,,,,,,,,,,,,,,,,,,,,,,,,,,,,,,,,,,,,,,,,
DE0709,102,aug,42.7667,-68.3583,5.3,DE0709,102,,,,,,,,,,,,,,,,,,,,,,,,,,,,,,,,,,,,,,,,,,,,,,,
DE0711,3,nov,41.1017,-71.6383,3.47,DE0711,3,,,,,,,,,,,,,,,,,,,,,,,,,,,,,,,,,,,,,,,,,,,,,,,
DE0711,5,nov,40.7317,-72,2.6,DE0711,5,1,,,,,,,,,,,,,,,,,,,,,,,,,,,,,,,,,,,,,,,,13,,,,,,
DE0711,8,nov,39.8983,-72.345,3.39,DE0711,8,,,,,,,,,,,,,,,,,,,,,,,,,,,,,,,,,,,,,,,,,,,,,,,
DE0711,16,nov,38.4333,-73.7683,4.09,DE0711,16,,,,,,,,,,,,,,,,,,,,,,,,,,,,,,,,,,,,,,,,,,,,,,,
DE0711,34,nov,37.895,-74.9483,1.79,DE0711,34,5,,,,,,,,,,,,,,,,,,,,,,,,,,,,,,,,,,,,,,,,1,,,,2,,
DE0711,35,nov,38.23,-74.5467,2.95,DE0711,35,1,,,,,,,,,,,,,,,,,,,,,,,,,,,,,,,,,,,,,,,,1,,,,1,,
DE0711,42,nov,39.3117,-73.41,3.96,DE0711,42,1,,,,,,,,,,,,,,,,,,,,,,,,,,,,,,,,,,,,,,,,,,,,,,
DE0711,43,nov,39.605,-73.08,3.61,DE0711,43,,,,,,,,,2,,,,,,,,,,,,,,,,,,,,,,,,,,,,,,,,,,,,,,
DE0711,53,nov,40.4367,-70.7517,5.36,DE0711,53,,,,,,,,,,,,,,,,,,,,,,,,,,,,,,,,,,,,,,,,,,,,,,,
DE0711,56,nov,40.8983,-70.7483,5.08,DE0711,56,2,,,,,,,,,,,,,,,,,1,,,,,,,,,,,,,1,,,,,,,,,,6,,,,,,
DE0711,71,nov,44.265,-66.7133,4.72,DE0711,71,,,,,,,,,,,,,,,,,,,,,,,,,,,,,,,,,,,,,,,,,,,,,,,
DE0711,78,nov,42.5617,-66.4733,3.61,DE0711,78,,,,,,,,,,,,,,,,,,,,,,,,,,,,,,,,,,,,,,,,,,,,,,,
DE0711,84,nov,42.6033,-68.28,5.76,DE0711,84,,,,,,,,,,,,,,,,,,,,,,,,,,,,,,,,,,,,,,,,,,,,,,,
DE0711,86,nov,42.06,-68.64,5.06,DE0711,86,,,,,,,,,,,,,,,,,,,,,,,,,,,,,,,,,,,,,,,,,,,,,,,
DE0711,89,nov,42.56,-69.2367,5.45,DE0711,89,,,,,,,,,,,,,,,,,,,,,,,,,,,,,,,,,,,,,,,,,,,,,,,
DE0802,11,jan,39.73,-72.2883,6.27,DE0802,11,,,,,,,,,,,,,,,,,,,,,,,,,,,,,,,,,,,,,,,,,,,,,,,
DE0802,13,jan,39.6483,-72.725,4.64,DE0802,13,,,,,,,,,,,,,,,,,,,,,,,,,,,,,,,,,,,,,,,,,,,,,,,
DE0802,14,jan,39.1083,-73.4117,7.46,DE0802,14,,,,,,,,,,,,,,,,,,,,,,,,,,,,,,,,,,,,,,,,,,,,,,,
DE0802,23,jan,41.145,-70.4167,2.9,DE0802,23,,,,,,,,,,,,,,,,,,,,,,,,,,,,,,,,,,,,,,,,,,,,,,,
DE0802,25,jan,40.69,-69.7433,3.75,DE0802,25,1,,,,,,,,,,,,,,,,,,,,,,,,,,,,,,,,,,,,,,,,,,,,,,
DE0802,26,jan,40.5617,-70.4417,3.59,DE0802,26,,,,,,,,,,,,,,,,,,,,,,,,,,,,,,,,,,,,,,,,,,,,,,,
DE0802,39,jan,40.8167,-68.88,3.73,DE0802,39,,,,,,,,,,,,,,,,,,,,,,,,,,,,,,,,,,,,,,,,,,,,,,,
DE0802,40,jan,41.0217,-68.7133,5.6,DE0802,40,,,,,,,,,,,,,,,,,,,,,,,,,,,,,,,,,,,,,,,,,,,,,,,
DE0802,44,jan,41.315,-68.3817,4.07,DE0802,44,,,,,,,,,,,,,,,,,,,,,,,,,,,,,,,,,,,,,,,,,,,,,,,
DE0802,47,jan,41.0217,-67.7133,3.97,DE0802,47,,,,,,,,,,,,,,,,,,,,,,,,,,,,,,,,,,,,,,,,,,,,,,,
DE0802,52,jan,40.565,-67.145,5.3,DE0802,52,,,,,,,,,,,,,,,,,,,,,,,,,,,,,,,,,,,,,,,,,,,,,,,
DE0802,71,jan,42.3517,-66.2383,2.81,DE0802,71,,,,,,,,,,,,,,,,,,,,,,,,,,,,,,,,,,,,,,,,,,,,,,,
DE0802,73,jan,42.8067,-67.015,4.58,DE0802,73,,,,,,,,,,,,,,,,,,,,,,,,,,,,,,,,,,,,,,,,,,,,,,,
DE0802,78,jan,42.7733,-68.48,4.63,DE0802,78,,,,,,,,,,,,,,,,,,,,,,,,,,,,,,,,,,,,,,,,,,,,,,,
DE0802,82,jan,44.1883,-67.845,3.73,DE0802,82,,,,,,,,,,,,,,,,,,,,,,,,,,,,,,,,,,,,,,,,,,,,,,,
DE0802,85,jan,43.0233,-70.4383,3.96,DE0802,85,1,,,,,,,,,,,,,,,,,,,,,,,,,,,,,,,,,,,,,,,,,,,,,,
DE0808,6,aug,40.7717,-71.8483,3.66,DE0808,6,1,,,,,,,,,,2,,,,,,,2,,,,,,,,,,,,,,,,,,,,56,,1,,,,,,,
DE0808,19,aug,38.2683,-74.4067,6.17,DE0808,19,,,,,,,,,,,,,,,,,,,,,,,,,,,,,,,,,,,,,,,,,,,,,,,
DE0808,20,aug,37.69,-74.5117,4.59,DE0808,20,1,,,,,,,,,,,,,,,,,,,,,,,,,,,,,,,,,,,,,5,,,,,,,,,
DE0808,23,aug,37.3133,-75.0733,4.01,DE0808,23,3,,,,,,,,,,,,,,,,,,,,,,5,,,,,,,,,,,,,18,,1,,,,,,,,,
DE0808,27,aug,36.4367,-75.2117,2.38,DE0808,27,,,,,,,,,,,,,,,,,,,,,,,,,,,,,,,,,,,,,,,,,,,,,,,
DE0808,29,aug,35.5233,-75.3483,1.94,DE0808,29,,,,347.54,,,,,,,,,,,,,,,,,,,,,,92.73,,,,,,,,,,,,,,,,,,,,,5.714
DE0808,55,aug,40.02,-72.64,3.26,DE0808,55,,,,1,,,,1,,,,,,,,,,,,,,,,,,,,,,,,,,,1,,,1,,2,,,,,,,
DE0808,59,aug,40.0583,-71.67,7.01,DE0808,59,,,,,,,,,,,,,,,,,,,,,,,,,,,,,,,,,,,,,,,,2,,,,,,,
DE0808,61,aug,40.065,-71.4467,2.69,DE0808,61,,,,,,,,,,,,,,,,,,1,,,,,,,,,,,,,,,,,,,,9,,7,,,,,,,
DE0808,64,aug,40.3167,-70.29,12.11,DE0808,64,1,,,,,,,2,,,5.328,,,,,,,,,,,,,,,,,,,,,,,,,,,12.656,,2,,,,,,,
DE0808,73,aug,40.605,-68.615,7.59,DE0808,73,3,,,,,,,1,,,65,,,,,,,5,,,,,,,,,,,,,,,,,,,,,,9,,,,,,,
DE0808,77,aug,41.06,-68.1483,2.05,DE0808,77,,,,,,,,,,,,,,,,,,,,,,,,,,,,,,,,,,,,,,,,,,,,,,,
DE0808,83,aug,41.395,-66.9483,4.14,DE0808,83,5,,,,,,,,,,51,,,,,,,14,,,,,,,,,,,,,,,,,,,,,,4,,,,,,,
DE0808,88,aug,41.5167,-66.3333,6.2,DE0808,88,,,,,,,,,,,1,,,,,,,,,,,,,,,,,,,,,,,,,,,,,,,,,,,,
DE0808,91,aug,41.9,-65.9783,4.97,DE0808,91,,,,,,,,,,,1,,,,,,,,,,,,,,,,,,,,,,,,,,,,,1,,,,,,,
DE0808,103,aug,41.2667,-69.4,5.92,DE0808,103,,,,,,,,,,,,,,,,,,,,,,,,,,,,1,,,,,,,,,,,,,,,,,1,,
DE0808,106,aug,42.355,-68.545,5.31,DE0808,106,,,,,,,,,,,,,,,,,,,,,,,,,,,,,,,,,,,,,,,,,,,,,,,
DE0808,113,aug,42.8117,-67.8067,3.51,DE0808,113,,,,,,,,,,,,,,,,,,,,,,,,,,,,,,,,,,,,,,,,,,,,,,,
DE0808,121,aug,43.77,-67.3783,5.32,DE0808,121,,,,,,,,,,,,,,,,,,,,,,,,,,,,,,,,,,,,,,,,,,,,,,,
DE0808,124,aug,43.4283,-69.3733,4.98,DE0808,124,,,,,,,,,,,,,,,,,,,,,,,,,,,,,,,,,,,,,,,,,,,,,,,
DE0808,126,aug,43.0633,-69.115,3.83,DE0808,126,1,,,,,,,,,,,,,,,,,,,,,,,,,,,,,,,,,,,,,,,,,,,,,,
DE0808,133,aug,43.1333,-70,5.5,DE0808,133,3,,,,,,,,,,,,,,,,,,,,,,,,,,,2,,,,,,,,,,,,,,,,,,,
DE0902,8,jan,40.1483,-70.845,4.86,DE0902,8,1,,,,,,1,,2,,,,,,,,,,,,,,,,,,,,,,,,,,,,,,,,,,,,,,
DE0902,11,jan,40.015,-72.17,3.89,DE0902,11,,,,,,,,,,,,,,,,,,,,,,,,,,,,,,,,,,,,,,,,,,,,,,,
DE0902,12,jan,40.4367,-71.6133,4.92,DE0902,12,,,,,,,,,,,,,,,,,,,,,,,,,,,,,,,,,,,,,,,,,,,,,,,
DE0902,15,jan,40.3967,-72.9083,3.01,DE0902,15,,,,,,,,,,,,,,,,,,,,,,,,,,,,,,,,,,,,,,,,,,,,,,,
DE0902,20,jan,39.4833,-73.0733,2.78,DE0902,20,,,,,,,,,,,,,,,,,,,,,,,,,,,,,,,,,,,,,,,,,,,,,,,
DE0902,28,jan,37.88,-74.03,3.36,DE0902,28,,,,,,,,,,,,,,,,,1,,,,,,,,,,,,,,,,,,,,,,,,,,,,,,
DE0902,33,jan,36.56,-75.1117,3.77,DE0902,33,,,,,,,,,,,,,,,,,,,,,,,,,,,,,,,,,,,,,,,,,,,,,,,
DE0902,36,jan,35.5883,-75.4067,0.81,DE0902,36,,,,,,,,,,,,,,,,,,,,,,,,,,,,,,,,,,,,,,,,,,,,,,,
DE0902,38,jan,36.225,-75.2817,1.55,DE0902,38,,,,,,,,,,,,,,,,,,,,,,,,,,,,,,,,,,,,,,,,,,,,,,,
DE0902,48,jan,37.48,-75.2467,2.57,DE0902,48,,,,,,,,,,,,,,,,,,,,,,,,,,,,,,,,,,,,,,,,,,,,,,,
DE0902,78,jan,40.9367,-67.6417,3.75,DE0902,78,,,,,,,,,,,,,,,,,,,,,,,,,,,,,,,,,,,,,,,,,,,,,,,
DE0902,81,jan,41.2717,-67.3467,1.03,DE0902,81,,,,,,,,,,,,,1,,,,,,,,,,,,,,,,,,,,,,,,,,,,,,,,,,
DE0902,83,jan,40.8867,-66.585,7.4,DE0902,83,,,,,,,,,,,,,,,,,,,,,,,,,,,,,,,,,,,,,,,,,,,,,,,
DE0902,86,jan,41.68,-66.13,3.83,DE0902,86,2,,1.33,,,,,,,,,,4,16.66,,,,,,,,,,,,,,,,,,,,,,,,,,,,1,,,,,
DE0902,89,jan,41.565,-66.7817,4.03,DE0902,89,5,,,,,,,,,,,,26,32,,,,,,,,,,,,,,,,,,,,,,,,,,,,,,,,,
DE0902,95,jan,42.2767,-65.9817,4.5,DE0902,95,,,,,,,,,,,,,,,,,,,,,,,,,,,,,,,,,,,,,,,,,,,,,,,
DE0902,108,jan,42.7683,-69.0683,5,DE0902,108,,,,,,,,,,,,,,,,,,,,,,,,,,,,,,,,,,,,,,,,,,,,,,,
DE0902,112,jan,43.3533,-67.5783,5.2,DE0902,112,,,,,,,,,,,,,,,,,,,,,,,,,,,,,,,,,,,,,,,,,,,,,,,
DE0902,115,jan,44.36,-67.715,6.7,DE0902,115,,,,,,,,,,,,,,,,,,,,,,,,,,,,,,,,,,,,,,,,,,,,,,,
DE0902,117,jan,43.765,-68.44,6.67,DE0902,117,,,,,,,,,,,,,,,,,,,,,,,,,,,,,,,,,,,,,,,,,,,,,,,
DE0902,118,jan,43.2283,-69.2817,10.26,DE0902,118,,,,,,,,,,,,,,,,,,,,,,,,,,,,,,,,,,,,,,,,,,,,,,,
DE0905,4,may,40.3967,-70.2783,6.82,DE0905,4,1,,,,,,,,,,,,,,,,,,,,,,,,,,,,,,,,,,,,,13,,,,,,,,,
DE0905,6,may,40.1033,-71.67,6.8,DE0905,6,,,,,,,,,,,,,,,,,,,,,,,,,,,,,,,,,,,,,,1,,,,,,,,,
DE0905,15,may,38.9833,-72.8333,5.87,DE0905,15,,,,,,,,,,,,,,,,,1,,,,,,,,,,,,,,,,,,,,,,,,,,,,,,
DE0905,17,may,38.9,-73.6333,3.57,DE0905,17,,,,,,,,,,,,,,,,,,,,,,,,,,,,,,,,,,,,,,,,,,,,,,,
DE0905,25,may,37.2717,-75.445,1.47,DE0905,25,5,,,,1,,,,,,,,,,,,,,,,,,,,,,,,,,,,,,9,,,,10,8,,,,,,,
DE0905,33,may,36.8517,-75.71,1.91,DE0905,33,1,,,,4,,,,,,,,,,,,,,2,,,,,,,,,1,,,,,,,,,2,,4,,,,,,,,
DE0905,47,may,39.8167,-73.5233,2.45,DE0905,47,,,,,,,,,,,,,,,,,,2,,,,,,,,,,,,,,,,,,,,,,1,,,,,1,,
DE0905,54,may,41.4033,-71.0117,1.31,DE0905,54,2,,,,,,,,,,,12,,,,,,,,,,,,,,,,70,24,,,,,,,,,,,,,,,,,,
DE0905,59,may,40.8867,-69.585,3.49,DE0905,59,,,,,,,,,,,,,,,,,,,,,,,,,,,,,1,,,,,,,,,,,,,,,,,,
DE0905,60,may,40.4833,-69.1167,3.85,DE0905,60,,,,,,,,,,,,,,,,,,,,,,,,,,,,,,,,,,,,,,,,,,,,,,,
DE0905,63,may,40.105,-68.755,5.05,DE0905,63,,,,,,,,,,,,,,,,,,,,,,,,,,,,,,,,,,,,,,,,,,,,,,,
DE0905,71,may,41.8167,-67.98,3.12,DE0905,71,,,,,,,,,,,,,,,,,,,,,,,,,,,,,,,,,,,,,,,,,,,6,,,,
DE0905,73,may,41.4367,-67.6783,1.96,DE0905,73,1,,,,,,,,,,,,,,,,,,,,,,,,,,,,,,,,,,,,,,,,,,,,,,
DE0905,75,may,41.4783,-67.09,8.56,DE0905,75,,,,,,,,,,,,,,,,,,,,,,,,,,,,,,,,,,,,,,,,,,,,,,,
DE0905,82,may,40.5183,-67.6983,2.44,DE0905,82,1,,,,,,,,,,4,,,,,,,24,,,,,,,,,,,,,,,1,,,,,22,,,,,,,,,
DE0905,94,may,42.2183,-65.765,5.03,DE0905,94,,,,,,,,,,,,,,,,,,,,,,,,,,,,,,,,,,,,,,,,,,,,,,,
DE0905,99,may,42.6417,-67.2433,3.22,DE0905,99,,,,,,,,,,,,,,,,,,,,,,,,,,,,,,,,,,,,,,,,,,,,,,,
DE0905,103,may,43.2717,-66.645,4.23,DE0905,103,1,,,,,,,,,,,,,,,2,,,,,,,,,,,,,,,,,,,,,,,,,,,2,,,,
DE0905,110,may,43.4067,-67.7033,7.21,DE0905,110,,,,,,,,,,,,,,,,,,,,,,,,,,,,,,,,,,,,,,,,,,,,,,,
DE0905,112,may,43.1867,-68.3433,4.16,DE0905,112,,,,,,,,,,,,4,,,,,,,,,,,,,,,,,,,,,,,,,,,,,,,,,,,
DE0905,115,may,43.3833,-69.2383,5.28,DE0905,115,,,,,,,,,,,,1,,,,,,,,,,,,,,,,,,,,,,,,,,,,,,,,,,,
DE0905,120,may,42.4817,-69.32,4.68,DE0905,120,,,,,,,,,,,,,,,,,,,,,,,,,,,,,,,,,,,,,,,,,,,,,,,
DE0909,10,aug,39.9717,-72.59,5.18,DE0909,10,1,,,,,,,1,,,2,,,,,,,,,,,,,,,,,,,,,,,,,,,,,2,,,,,,,
DE0909,16,aug,39.2733,-73.675,2.7,DE0909,16,,,,,,,,,4,,1,,,,,,,,,,,,,,,,,,,,,,,,,,1,3,,4,,,,,,,
DE0909,18,aug,38.815,-73.9083,3.26,DE0909,18,,,,,,,,,,,,,,,,,,,,,,,,,,,,,,,,,,,,,,,,,,,,,,,
DE0909,29,aug,37.355,-75.2433,3.44,DE0909,29,,,,,,,,,,,,,,,,,,,,,,,,,,,,,,4,,,,,,24,,,2,,,,,,,,
DE0909,34,aug,36.05,-74.97,5.4,DE0909,34,,,,,,,,,,,,,,,,,,,,,,,,,,,,,,1,,,,,,,,2,,,,,,,,,
DE0909,36,aug,36.1433,-75.48,2.28,DE0909,36,,,,,,,,,,,,,,,,,,,1,,,,,,,,1,,,,,,,5,,3,,,,,,,,,,,
DE0909,52,aug,40.345,-70.195,5.39,DE0909,52,5,,,,,,,,,,11,,,,,,,,,,,,,,,,,,,,,,,,1,,,7,,,,,,,,,
DE0909,54,aug,39.9933,-69.8283,3.4,DE0909,54,,,,,,,,,,,,,,,,,,,,,,,,,,,,,,,,,,,,,,,,,,,,,,,
DE0909,61,aug,40.8583,-69.445,3.51,DE0909,61,,,,,,,,,,,,,,,,,,,,,,,,,,,,,,,,,,,,,,,,,,,,,,,
DE0909,63,aug,40.9783,-68.8167,3.27,DE0909,63,1,,,,,,,,,,14.5,,,,,,,41,,,,,,,,,,,,,,,,,3.25,,,3.25,,,,,,,4,,
DE0909,67,aug,40.8567,-68.2117,3.36,DE0909,67,,,,,,,,,,,4,,,,,,,2,,,,,,,,,,,,,,,,,,,,,,,,,,,,,
DE0909,70,aug,41.4317,-68.0083,2.13,DE0909,70,,,,,,,,,,,,,,,,,,,,,,,,,,,,,,,,,,,,,,,,,,,,,4,,
DE0909,78,aug,40.935,-66.6817,5.6,DE0909,78,2,,,,,,,,,,58,,,,,,,19,,,,,,,,,,,,,,,,,,,,,,,,,,2,,,
DE0909,82,aug,41.4217,-66.74,4.41,DE0909,82,1,,,,,,,,,,36.5,,,,,,,43.5,,,,,,,,,,,,,,,,,,,,,,,,,,2,,,
DE0909,91,aug,42.42,-66.9917,5.39,DE0909,91,,,,,,,,,,,,,,,,,,,,,,,,,,,,,,,,,,,,,,,,,,,,,,,
DE0909,97,aug,41.77,-68.5683,5.28,DE0909,97,,,,,,,,,,,,,,,,,,,,,,,,,,,,,,,,,,,,,,,,,,,,,,,
DE0909,98,aug,42.0217,-68.9133,5.1,DE0909,98,,,,,,,,,,,,,,,,,,,,,,,,,,,,,,,,,,,,,,,,,,,,,,,
DE0909,99,aug,42.185,-69.275,5.73,DE0909,99,1,,,,,,,,,,,,,,,,,,,,,,,,,,,,,,,,,,,,,,,,,,,,,,
DE0909,100,aug,42.4833,-69.6667,6.54,DE0909,100,,,,,,,,,,2,2,,,,,,,,,,,,,,,,,,,,,,,,,,,,,,,,,,,,
DE0909,102,aug,41.86,-69.15,7.12,DE0909,102,,,,,,,,,,,,,,,,,,,,,,,,,,,,,,,,,,,,,,,,,,,,,,,
DE0909,104,aug,41.3,-69.5333,12.26,DE0909,104,,,,,,,,,,,,,,,,,,,,,,,,,,,,,,,,,,,,,,,,,,,,,4,,
DE0911,3,nov,40.6883,-71.0767,4.91,DE0911,3,,,,,,,,,,,,,,,,,,,,,,,,,,,,,,,,,,,,,,,,,,,,,,,
DE0911,20,nov,39.3967,-73.3467,1.58,DE0911,20,,,,,,,,,,,,,,,,,,,,,,,,,,,,,,,,,,,,,,,,,,,,,,,
DE0911,22,nov,39.145,-74.275,1.11,DE0911,22,,,,,,,,,,,,,,,,,,,,,,,,,,,,,,,,,,,,,,,,,,,,,,,
DE0911,29,nov,37.4383,-75.4467,0.86,DE0911,29,,,,,,,,,,,,,,,,,,,,,,,,,,,,,,,,,,,,,,,,,,,,,,,
DE0911,35,nov,36.5183,-74.845,3.35,DE0911,35,,,,,,,,,,,,,,,,,,,,,,,,,,,,,,,,,,,,,,,,,,,,,1,,
DE0911,37,nov,37.225,-75.0833,1.82,DE0911,37,,,,,,,,,,,,,,,,,,,,,,,,,,,,,,,,,,,,,,,,,1,,,,,,
DE0911,51,nov,40.69,-72.6133,2.55,DE0911,51,,,,,,,,,,,,,,,,,,,,,,,,,,,,,,,,,,,,,,,,,,,,,,,
DE0911,53,nov,40.6483,-71.6167,3.11,DE0911,53,,,,,,,,,,,,,,,,,,,,,,,,,,,,,,,,,,,,,,,,,,,,,,,
DE0911,54,nov,40.8883,-71.5867,2.26,DE0911,54,,,,,,,,,,,,,,,,,,,,,,,,,,,,,,,,,,,,,,,,,,,,,,,
DE0911,67,nov,40.3983,-67.575,3.86,DE0911,67,,,,,,,,,,,,,,,,,,,,,,,,,,,,,,,,,,,,,,,,,,,,,,,
DE0911,69,nov,40.8933,-67.2433,3.69,DE0911,69,,,,,,,,,,,,,,,,,,,,,,,,,,,,,,,,,,,,,,,,,,,,,,,
DE0911,74,nov,41.1867,-67.475,3.51,DE0911,74,,,,,,,,,,,,,,,,,,,,,,,,,,,,,,,,,,,,,,,,,,,,,,,
DE0911,81,nov,41.5617,-67.6783,1.73,DE0911,81,,,,,,,,,,,,,,,,,,,,,,,,,,,,,,,,,,,,,,,,,,,,,,,
DE0911,90,nov,42.185,-66.61,7.23,DE0911,90,,,,,,,,,,,,,,,,,,,,,,,,,,,,,,,,,,,,,,,,,,,,,,,
DE0911,91,nov,42.3117,-66.8867,5.52,DE0911,91,,,,,,,,,,,,,,,,,,,,,,,,,,,,,,,,,,,,,,,,,,,,,,,
DE0911,93,nov,42.0483,-67.0367,3.64,DE0911,93,,,,,,,,,,,,,,,,,,,,,,,,,,,,,,,,,,,,,,,,,,,,,,,
DE0911,95,nov,42.23,-67.3133,8.24,DE0911,95,,,,,,,,,,,,,,,,,,,,,,,,,,,,,,,,,,,,,,,,,,,,,,,
DE0911,103,nov,42.7233,-69.5833,3.39,DE0911,103,,,,,,,,,,,,,,,,,,,,,,,,,,,,,,,,,,,,,,,,,,,,,,,
DE0911,104,nov,43.0567,-69.8433,3.69,DE0911,104,,,,,,,,,,,,,,,,,,,,,,,,,,,,,,,,,,,,,,,,,,,,,,,
DE1001,8,jan,39.8133,-72.3167,5.35,DE1001,8,,,,,,,,,,,,,,,,,,,,,,,,,,,,,,,,,,,,,,,,,,,,,,,
DE1001,10,jan,39.895,-73.2133,4.74,DE1001,10,,,,,,,,,,,,,,,,,,,,,,,,,,,,,,,,,,,,,,,,,,,,,,,
DE1001,12,jan,39.7283,-73.4783,5.37,DE1001,12,,,,,,,,,,,,,,,,,,,,,,,,,,,,,,,,,,,,,,,,,,,,,,,
DE1001,16,jan,38.1467,-74.025,4.57,DE1001,16,,,,,,,,,,,,,,,,,,,,,,,,,,,,,,,,,,,,,,,,,,,,,,,
DE1001,18,jan,37.5633,-74.5783,6.74,DE1001,18,,,,,,,,,,,,,,,,,,,,,,,,,,,,,,,,,,,,,,,,,,,,,,,
DE1001,28,jan,38.7683,-74.91,1.11,DE1001,28,,,,,,,,,,,,,,,,,,,,,,,,,,,,,,,,,,,,,,,,,,,,,,,
DE1001,30,jan,39.06,-74.115,2.92,DE1001,30,,,,,,,,,,,,,,,,,,,,,,,,,,,,,,,,,,,,,,,,,,,,,,,
DE1001,35,jan,40.3933,-72.615,3.93,DE1001,35,,,,,,,,,,,,,,,,,,,,,,,,,,,,,,,,,,,,,,,,,,,,,,,
DE1001,38,jan,40.7233,-72.1783,2.62,DE1001,38,,,,,,,,,,,,,,,,,,,,,,,,,,,,,,,,,,,,,,,,,,,,,,,
DE1001,39,jan,40.8967,-71.8183,3.3,DE1001,39,,,,,,,,,,,,,,,,,,,,,,,,,,,,,,,,,,,,,,,,,,,,,,,
DE1001,41,jan,41.48,-69.4483,5.13,DE1001,41,,,,,,,,,,,,,,,,,,,,,,,,,,,,,,,,,,,,,,,,,,,,,,,
DE1001,50,jan,40.6,-67.7483,4.78,DE1001,50,,,,,,,,,,,,,,,,,,,,,,,,,,,,,,,,,,,,,,,,,,,,,,,
DE1001,51,jan,40.8517,-67.4867,4.23,DE1001,51,,,,,,,,,,,,,,1,,,,,,,,,,,,,,,,,,,,,,,,,,,,,,,,,
DE1001,57,jan,41.2717,-66.8433,5.66,DE1001,57,2,,,,,,,,,,,,,27,,,,,,,,,,,,,,,,,,,,,,,,,,,,,,,,,
DE1001,59,jan,41.395,-66.383,3.13,DE1001,59,,,,,,,,,,,,,2,1,,,,,,,,,,,,,,,,,,,,,,,,,,,,,,,,,
DE1001,76,jan,42.42,-69.345,6.54,DE1001,76,,,,,,,,,,,,,,,,,,,,,,,,,,,,,,,,,,,,,,,,,,,,,,,
DE1001,78,jan,42.6067,-70,7.97,DE1001,78,,,,,,,,,,,,,,,,,,,,,,,,,,,,,,,,,,,,,,,,,,,,,,,
DE1001,83,jan,43.065,-70.38,6.05,DE1001,83,,,,,,,,,,,,,,,,,,,,,,,,,,,,,,,,,,,,,,,,,,,,,,,
DE1001,87,jan,42.6767,-70.4317,3.64,DE1001,87,3,,,,,,,,,,,,,3,,,,,,,,,,,,,,,,,,,,,,,,,,,,,,,,,
DE1004,5,may,40.7283,-70.5133,5.94,DE1004,5,1,,,,,,,,,,,,,,,,,12,,,,,,,,,,11.33,,,,,,,6,,,,,,,,12.66,,,,
DE1004,6,may,40.52,-71.115,5.65,DE1004,6,,,,,,,,,,,,1,,,,,,,,,,,,,,,,,,,,,,,,,,,,,,,,,,,
DE1004,25,may,38.1883,-74.6083,3.17,DE1004,25,,,,,,,,,,,,,,,,,,,,,,,,,,,,,,,,,,,,,,,,,,,,,,,
DE1004,28,may,37.6017,-74.2783,4.91,DE1004,28,,,,,,,,,,,,,,,,,,,,,,,,,,,,,,,,,,,,,,,,,,,,,,,
DE1004,31,may,36.8133,-75.3767,2.97,DE1004,31,,,,,,,,,,,,,,,,,,,,,,,,,,,,,,,,,,,3,,,,,1,,,,,,,
DE1004,32,may,36.6417,-75.0717,2.12,DE1004,32,,,,,,,,,,,,,,,,,,,,,,,,,,,,,,,,,,,,,,,,,,,,,,,
DE1004,43,may,37.3133,-75.4467,1.41,DE1004,43,,,,,51,492,,,,,,,,,,,,,,,,,,26.75,9.5,,,,,,,,,,56.75,,,,30,,,,,,,,
DE1004,63,may,40.3967,-70.0833,3.6,DE1004,63,,,,,,,,,,,,,,,,,,,,,,,,,,,,,,,,,,,,,,,,,,,,,,,
DE1004,65,may,40.8083,-69.3983,3.91,DE1004,65,,,,,,,,,,,,,,,,,,,,,,,,,,,,,,,,,,,,,,,,,,,,,,,
DE1004,73,may,40.895,-68.4433,3.37,DE1004,73,,,,,,,,,,,,,,,,,,,,,,,,,,,,,,,,,,,,,,,,,,,,,,,
DE1004,77,may,40.65,-67.115,4.66,DE1004,77,,,,,,,,,,,,,,,,,,1,,,,,,,,,,,,,,,,,,,,,,,,,,,,,
DE1004,93,may,41.5233,-66.6767,4.63,DE1004,93,,,,,,,,,,,,,,,,,,,,,,,,,,,,,,,,,,,,,,,,,,,,,,,
DE1004,98,may,41.5633,-68.145,2.35,DE1004,98,,,,,,,,,,,,,,,,,,,,,,,,,,,,,,,,,1,,,,,,,,,,,,4,,
DE1004,105,may,42.1867,-69.48,5.06,DE1004,105,,,,,,,,,,,,1,,,,,,,,,,,,,,,,,,,,,,,,,,,,,,,,,,,
DE1004,110,may,41.8117,-67.815,2.11,DE1004,110,,,,,,,,,,,,,,,,,,1,,,,,,,,,,2,,,,,,,,,,,,,,,2,,2,,
DE1004,115,may,42.9383,-67.08,3.72,DE1004,115,,,,,,,,,,,,,,,,1,,,,,,,,,,,,,,,,,,,,,,,,,,,,,,,
DE1004,125,may,43.355,-68.4133,5.97,DE1004,125,,,,,,,,,,,,,,,,,,,,,,,,,,,,,,,,,,,,,,,,,,,,,,,
DE1004,129,may,42.6883,-68.33,3.84,DE1004,129,,,,,,,,,,,,,,,,,,,,,,,,,,,,,,,,,,,,,,,,,,,,,,,
DE1004,132,may,43.685,-69.645,3.71,DE1004,132,,,,,,,,,,,,17.5,,,,20,,,,,,,,,,,,27.5,,,,,,,,,,,,,,2,,,,,
DE1009,2,aug,42.6333,-70.52,5.82,DE1009,2,,,,,,,,,,,,,,,,,,3,,,,,,,,,,,,,,,,,,,,,,,,,,,,,
DE1009,45,aug,41.8567,-68.145,4.78,DE1009,45,,,,,,,,,,,,,,,,,,5,,,,,,,,,,,,,,,,,,,,,,,,,,,,,
DE1009,46,aug,41.9383,-67.78,4.11,DE1009,46,,,,,,,,,,,,,,,,,,4,,,,,,,,,,,,,,,,,,,,,,,,,,,,,
DE1102,72,jan,41.355,-68.9717,4.01,DE1102,72,,,,,,,,,,,,,,,,,,,,,,,,,,,,,,,,,,,,,,,,,,,,,,,
DE1102,73,jan,41.0617,-68.315,1.88,DE1102,73,,,,,,,,,,,,,,,,,,,,,,,,,,,,,,,,,,,,,,,,,,,,,,,
DE1102,82,jan,40.8133,-67.28,3.33,DE1102,82,,,,,,,,,,,,,,,,,,,,,,,,,,,,,,,,,,,,,,,,,,,,,,,
DE1102,92,jan,42.0617,-66.6133,2.92,DE1102,92,,,,,,,,,,,,,,,,,,,,,,,,,,,,,,,,,,,,,,,,,,,,,,,
DE1102,103,jan,42.67,-67.0917,,DE1102,103,,,,,,,,,,,,,,,,,,,,,,,,,,,,,,,,,,,,,,,,,,,,,,,
DE1102,108,jan,43.36,-68.215,4.22,DE1102,108,,,,,,,,,,,,,,,,,,,,,,,,,,,,,,,,,,,,,,,,,,,,,,,
DE1102,110,jan,43.685,-67.645,4.95,DE1102,110,,,,,,,,,,,,,,,,,,,,,,,,,,,,,,,,,,,,,,,,,,,,,,,
DE1102,124,jan,42.9817,-69.8783,6.03,DE1102,124,,,,,,,,,,,,,,,,,,,,,,,,,,,,,,,,,,,,,,,,,,,,,,,
DE1102,126,jan,42.69,-69.9817,5.63,DE1102,126,,,,,,,,,,,,,,,,,,,,,,,,,,,,,,,,,,,,,,,,,,,,,,,
DE1105,11,may,40.2283,-72.8133,2.99,DE1105,11,,,,,,,,,,,,,,,,,,,,,,,,,,,,,,,,,,,,,,,,,,,,,,,
DE1105,18,may,39.3933,-72.9683,6.86,DE1105,18,,,,,,,,,,,,,,,,,,,,,,,,,,,,,,,,,,,,,,,,,,,,,,,
DE1105,25,may,37.5633,-74.9967,3.25,DE1105,25,,,,,,,,,,,,,,,,,,,,,,,,,,,,,,,,,,,,,,,,,,,,,,,
DE1105,30,may,36.8967,-74.9433,3.95,DE1105,30,,,,,,,,,,,,,,,,,,,,,,,,,,,,,,,,,,,,,,,,,,,,,,,
DE1105,36,may,36.0217,-75.3767,3.21,DE1105,36,,,,,,,,,,,,,,,,,,,,,,,,,,,,,,,,,,,,,,,,,,,,,,,
DE1105,37,may,36.23,-75.745,1.39,DE1105,37,,,,,,,,,,,,,,,,,,,,,,,,,,,,,,,,,,,,,,,,,,,,,,,
DE1105,40,may,37.3067,-75.6817,0.96,DE1105,40,,,,,,,,,,,,,,,,,,,,,,,,,,,,,,,,,,,,,,,,,,,,,,,
DE1105,60,may,40.7333,-72.475,2.33,DE1105,60,,,,,,,,,,,,,,,,,,,,,,,,,,,,,,,,,,,,,,,,,,,,,,,
DE1105,61,may,40.73,-72.1467,5.03,DE1105,61,,,,,,,,,,,,,,,,,,,,,,,,,,,,,,,,,,,,,,,,,,,,,,,
DE1105,62,may,40.7283,-71.88,3.6,DE1105,62,,,,,,,,,,,,,,,,,,,,,,,,,,,,,,,,,,,,,,,,,,,,,,,
DE1105,73,may,41.0617,-69.38,3.18,DE1105,73,,,,,,,,,,,,,,,,,,,,,,,,,,,,,,,,,,,,,,,,,,,,,,,
DE1105,77,may,40.6433,-68.6833,3.24,DE1105,77,,,,,,,,,,,,,,,,,,,,,,,,,,,,,,,,,,,,,,,,,,,,,,,
DE1105,80,may,40.3533,-67.745,4.81,DE1105,80,,,,,,,,,,,,,,,,,,,,,,,,,,,,,,,,,,,,,,,,,,,,,,,
DE1105,83,may,40.6883,-67.745,5.6,DE1105,83,,,,,,,,,,,,,,,,,,,,,,,,,,,,,,,,,,,,,,,,,,,,,,,
DE1105,86,may,41.1017,-68.345,4.39,DE1105,86,,,,,,,,,,,,,,,,,,,,,,,,,,,,,,,,,,,,,,,,,,,,,,,
DE1105,90,may,41.145,-67.0467,4.93,DE1105,90,,,,,,,,,,,,,,,,,,,,,,,,,,,,,,,,,,,,,,,,,,,,,,,
DE1105,105,may,,,,DE1105,105,,,,,,,,,,,,,,,,,,,,,,,,,,,,,,,,,,,,,,,,,,,,,,,
DE1105,122,may,43.2617,-67.51,6.12,DE1105,122,,,,,,,,,,,,,,,,,,,,,,,,,,,,,,,,,,,,,,,,,,,,,,,
DE1105,127,may,,,,DE1105,127,,,,,,,,,,,,,,,,,,,,,,,,,,,,,,,,,,,,,,,,,,,,,,,
DE1105,131,may,,,,DE1105,131,,,,,,,,,,,,,,,,,,,,,,,,,,,,,,,,,,,,,,,,,,,,,,,
DE1105,138,may,43.02,-69.41,7.46,DE1105,138,,,,,,,,,,,,,,,,,,,,,,,,,,,,,,,,,,,,,,,,,,,,,,,
DE1109,57,nov,40.5517,-69.8417,4.37,DE1109,57,,,,,,,,,,,1,,,,,,,,,,,,,,,,,,,,,,,,,,,,,,2,,,,,,
DE1109,58,nov,40.2467,-69.6017,4.47,DE1109,58,1,,,,,,,,,,,,,,,,,,,,,,,,,,,,,,,,,,,,,,,,4,,,,,,
DE1109,64,nov,40.65,-68.3117,3.97,DE1109,64,,,,,,,,,,,,,,,,,,,,,,,,,,,,,,,,,,,,,,,,,,,,,,,
DE1109,65,nov,40.7617,-67.9233,4.12,DE1109,65,,,,,,,,,,,,,,,,,,,,,,,,,,,,,,,,,,,,,,,,,,,,,,,
DE1109,67,nov,40.5967,-67.765,4.64,DE1109,67,,,,,,,,,,,,,,,,,,,,,,,,,,,,,,,,,,,,,,,,,3,,,,,,
DE1109,73,nov,40.9933,-66.7867,2.46,DE1109,73,,,,,,,,,,,,,,,,,,,,,,,,,,,,,,,,,,,,,,,,,,,,,,,
DE1109,76,nov,41.6633,-67.1433,5.49,DE1109,76,,,,,,,,,,,,,,,,,,,,,,,,,,,,,,,,,,,,,,,,,,,,,,,
DE1109,78,nov,41.68,-66.7533,4.31,DE1109,78,,,,,,,,,,,,,,,,,,,,,,,,,,,,,,,,,,,,,,,,,,,,,,,
DE1109,79,nov,41.6483,-66.63,3.23,DE1109,79,,,,,,,,,,,,,,,,,,,,,,,,,,,,,,,,,,,,,,,,,,,,,,,
DE1109,81,nov,41.85,-66.23,4.32,DE1109,81,,,,,,,,,,,,,,,,,,,,,,,,,,,,,,,,,,,,,,,,,,,,,,,
DE1109,82,nov,42.0167,-66.3433,3.6,DE1109,82,,,,,,,,,,,,,,,,,,,,,,,,,,,,,,,,,,,,,,,,,,,,,,,
DE1109,103,nov,43.335,-68.3967,4.66,DE1109,103,,,,,,,,,,,,,,,,,,,,,,,,,,,,,,,,,,,,,,,,,,,,,,,
DE1109,110,nov,42.8483,-70.3867,4.02,DE1109,110,,,,,,,,,,,,,,,,,,,,,,,,,,,,,,,,,,,,,,,,,,,,,,,
DE1109,112,nov,42.4167,-70.6167,4.25,DE1109,112,,,,,,,,,,,,,4,,1,,,,,,,,,,,,,,,,,,,,,,,,,,,,,,,,
DE1109,113,nov,42.485,-70.2833,3.14,DE1109,113,,,,,,,,,,,,,,,1,,,,,,,,,,,,,,,,,,,,,,,,,,,,,,,,
DE1109,114,nov,42.4983,-69.665,5.5,DE1109,114,,,,,,,,,,,,,,,,,,,,,,,,,,,,,,,,,,,,,,,,,,,,,,,
DE1109,115,nov,42.045,-68.8017,3.77,DE1109,115,,,,,,,,,,,,,,,,,,,,,,,,,,,,,,,,,,,,,,,,,,,,,,,
DE1109,116,nov,41.735,-69.3217,3.57,DE1109,116,,,,,,,,,,,,,,,,,,,,,,,,,,,,,,,,,,,,,,,,,,,,,,,
DE1109,117,nov,41.3817,-69.4683,1.29,DE1109,117,,,,,,,,,,,,,5,,,,,,,,,,,,,,,,,,,,,,,,,,,,,,,,,,
DE1110,25,nov,40.8967,-69.41,2.43,DE1110,25,,,,,,,,,,,,,,,,,,,,,,,,,,,,,,,,,,,,,,,,,,,,,,,
DE1110,26,nov,40.7467,-69.6717,2.4,DE1110,26,,,,,,,,,,,,,,,,,,,,,,,,,,,,,,,,,,,,,,,,,,,,,,,
DE1110,31,nov,41.08,-69.165,3.82,DE1110,31,,,,,,,,,,,,,3,,2,,,,,,,,,,,,,,,,,,,,,,,,,,,,,,,,
DE1110,37,nov,43.1083,-70.1667,4.98,DE1110,37,,,,,,,,,,,,,,,,,,,,,,,,,,,,,,,,,,,,,,,,,,,,,,,
DE1110,38,nov,43.08166667,-70.37166667,3.34,DE1110,38,1,,,,,,,,,,,,3,,1,,,,,,,,,,,,,,,,,,,,,,,,,,,,,,,,
DE1110,41,nov,42.66833333,-70.52333333,5.03,DE1110,41,,,,,,,,,,,,,5,,,,,,,,,,,,,,,,,,,,,,,,,,,,,,,,,,
DE1110,42,nov,42.68166667,-70.44666667,4.79,DE1110,42,,,,,,,,,,,,,4,,,,,,,,,,,,,,,,,,,,,,,,,,,,,,,,,,
DE1110,43,nov,42.69333333,-70.255,5.32,DE1110,43,,,,,,,,,,,,,1,,9,,,,,,,,,,,,,,,,,,,,,,,,,,,,,,,,
DE1110,44,nov,42.69666667,-70.08666667,4.24,DE1110,44,,,,,,,,,,,,,1,,1,,,,,,,,,,,,,,,,,,,,,,,,,,,,,,,,
HB0804,18,may,40.4467,-71.4867,3.12,HB0804,18,,,,,,,,,,,1,,,,,,,,,,,,,,,,,,,,,,,,,,,,,,,,,,,,
HB0804,20,may,40.3967,-71.2217,3.53,HB0804,20,,,,,,,,,,,2,,,,,,,,,,,,,,,,,,,,,,,,,,,2,,,,,,,,,
HB0804,22,may,40.3483,-70.7133,3.53,HB0804,22,,,,,,,,,,,6.65,,,,,,,,,,,,,,,,,,,,,,,,,,,22.35,,1,,,,,,,
HB0804,28,may,39.9883,-70.9567,3.75,HB0804,28,,,,,,,,,,,,,,,,,,,,,,,,,,,,,,,,,,,,,,,,,,,,,,,
HB0804,30,may,40.0367,-70.5733,3.04,HB0804,30,,,,,,,,,,,1,,,,,,6,,,,,,,,,,,,,,,,,,,,,1,,2,,,,,,,
HB1202,73,may,41.2283,-66.9067,3.82,HB1202,73,1,,,,,,,,,,3,,,,,,,1,,,,,,,,,,,,,,,,,,,,,,,,,,,,,
HB1202,75,may,41.2,-66.2917,3.54,HB1202,75,,,,,,,,,,,,,,,,,,,,,,,,,,,,,,,,,,,,,,,,,,,,,,,
HB1202,79,may,41.7817,-66.16,4.39,HB1202,79,2,,,,,,,,,,,,,,,,,,,,,,,,,,,,,,,,,,,,,,,,,,1,,,,
HB1202,80,may,41.6067,-66.24,4.21,HB1202,80,1,,,,,,,,,,,,,,,,,1,,,,,,,,,,,,,,,,,,,,,,,,,2,,,,
HB1202,81,may,41.7817,-66.5983,4.68,HB1202,81,,,,,,,,,,,,,,,,,,1,,,,,,,,,,,,,,,,,,,,,,,,,2,,2,,
HB1202,82,may,41.54,-66.4967,4.46,HB1202,82,1,,,,,,,,,,1,,,,,,,2,,,,,,,,,,1,,,,,,,,,,,,,,,,,,,
HB1202,83,may,41.3883,-66.5633,4.99,HB1202,83,,,,,,,,,,,,,,,,,,5,,,,,,,,,,,,,,,,,,,,,,,,,,,,,